File,MD5,SHA1,SHA256
C:/Users/mhhod/Documents/msu/RFRL/output/Example_Visual_Observer_File(working).csv,B1BDCE984EFB513649AF6112DC49A2D0,4995FB8B866EAA4C3071B7318AD9B296D8C737AF,BA79F9FA8BAB0FDED405C8745BBD7E38B291FC9AC697096E33A64B1B4CFB64B8
C:/Users/mhhod/Documents/msu/RFRL/temp/Example_Visual_Observer_File(working).xlsx,B1BDCE984EFB513649AF6112DC49A2D0,4995FB8B866EAA4C3071B7318AD9B296D8C737AF,BA79F9FA8BAB0FDED405C8745BBD7E38B291FC9AC697096E33A64B1B4CFB64B8
Test Results: Passed,MD5 Match: True,SHA1 Match: True,SHA256 Match: True
,,,
File,MD5,SHA1,SHA256
C:/Users/mhhod/Documents/msu/RFRL/output/Example_Visual_Observer_File.csv,F3334C823AC4C0D4A25771001F541EAE,ECA8CBD5D4C88639D37CC62F0103E8898CC20213,3D05B376340E81E7B3EEEA38CFE0AB84B3AF47B54E20240A440121C3EA388B2A
C:/Users/mhhod/Documents/msu/RFRL/temp/Example_Visual_Observer_File.xlsx,F3334C823AC4C0D4A25771001F541EAE,ECA8CBD5D4C88639D37CC62F0103E8898CC20213,3D05B376340E81E7B3EEEA38CFE0AB84B3AF47B54E20240A440121C3EA388B2A
Test Results: Passed,MD5 Match: True,SHA1 Match: True,SHA256 Match: True
,,,
File,MD5,SHA1,SHA256
C:/Users/mhhod/Documents/msu/RFRL/output/Example_Boundary_File(working).csv,BC6E1B5D7F07B13B65D8E990383121D6,F6B79971C07CA70D24E004BF4D32C5380CB37B57,35D69EEC25BE9B5BB9CF73FCA64728437708777C4CF3FB98DE39C3ADC43A34FD
C:/Users/mhhod/Documents/msu/RFRL/temp/Example_Boundary_File(working).xlsx,BC6E1B5D7F07B13B65D8E990383121D6,F6B79971C07CA70D24E004BF4D32C5380CB37B57,35D69EEC25BE9B5BB9CF73FCA64728437708777C4CF3FB98DE39C3ADC43A34FD
Test Results: Passed,MD5 Match: True,SHA1 Match: True,SHA256 Match: True
,,,
File,MD5,SHA1,SHA256
C:/Users/mhhod/Documents/msu/RFRL/output/Example_Boundary_File.csv,35EBD51A6831A9071F5C03AC165F59ED,5A1F818E1E7CBC89EE803EB5903AAE035795601A,CD836727203FB98A5907180EF36B659E72AA623A848E4C97B0372BBE2A4F8523
C:/Users/mhhod/Documents/msu/RFRL/temp/Example_Boundary_File.xlsx,35EBD51A6831A9071F5C03AC165F59ED,5A1F818E1E7CBC89EE803EB5903AAE035795601A,CD836727203FB98A5907180EF36B659E72AA623A848E4C97B0372BBE2A4F8523
Test Results: Passed,MD5 Match: True,SHA1 Match: True,SHA256 Match: True
